{"stats":{"minecraft:crafted":{"minecraft:oak_planks":220,"minecraft:stone_shovel":4,"minecraft:cooked_chicken":6,"minecraft:furnace":2,"minecraft:cooked_mutton":13,"minecraft:stone_pickaxe":6,"minecraft:chest":5,"minecraft:wheat":441,"minecraft:cooked_beef":3,"minecraft:cooked_porkchop":1,"minecraft:crafting_table":5,"minecraft:wooden_pickaxe":3,"minecraft:birch_planks":24,"minecraft:stone_axe":2,"minecraft:bread":147,"minecraft:air":0,"minecraft:oak_boat":2,"minecraft:shield":1,"minecraft:stick":44,"minecraft:iron_ingot":14,"minecraft:iron_pickaxe":2,"minecraft:stone_sword":2,"minecraft:white_bed":2},"minecraft:picked_up":{"minecraft:crafting_table":18,"minecraft:iron_chestplate":5,"minecraft:chicken":12,"minecraft:chest_minecart":1,"minecraft:wooden_pickaxe":1,"minecraft:shield":10,"minecraft:cornflower":1,"minecraft:string":124,"minecraft:raw_copper":33,"minecraft:activator_rail":3,"minecraft:cobbled_deepslate":139,"minecraft:bucket":4,"minecraft:beef":11,"minecraft:oak_boat":6,"minecraft:poppy":2,"minecraft:iron_pickaxe":3,"minecraft:sugar_cane":57,"minecraft:furnace":6,"minecraft:egg":5,"minecraft:raw_iron":22,"minecraft:stick":105,"minecraft:oak_fence":5,"minecraft:torch":302,"minecraft:porkchop":6,"minecraft:diorite":18,"minecraft:redstone":232,"minecraft:stone_shovel":7,"minecraft:stone_sword":5,"minecraft:arrow":16,"minecraft:rotten_flesh":27,"minecraft:beetroot_seeds":16,"minecraft:hay_block":51,"minecraft:mutton":10,"minecraft:white_wool":22,"minecraft:rail":6,"minecraft:cobblestone":271,"minecraft:birch_log":2,"minecraft:lilac":7,"minecraft:feather":11,"minecraft:cooked_beef":7,"minecraft:salmon":10,"minecraft:glow_ink_sac":4,"minecraft:water_bucket":1,"minecraft:andesite":58,"minecraft:leather":24,"minecraft:birch_planks":12,"minecraft:oak_log":60,"minecraft:yellow_bed":4,"minecraft:dirt":244,"minecraft:name_tag":3,"minecraft:cooked_mutton":8,"minecraft:bone":15,"minecraft:wheat_seeds":14,"minecraft:raw_gold":7,"minecraft:bell":4,"minecraft:iron_ingot":1,"minecraft:cooked_chicken":6,"minecraft:stone_pickaxe":5,"minecraft:stripped_oak_wood":1,"minecraft:powered_rail":2,"minecraft:oak_planks":85,"minecraft:cooked_porkchop":11,"minecraft:dandelion":7,"minecraft:gravel":2,"minecraft:ink_sac":2,"minecraft:white_bed":9,"minecraft:lily_of_the_valley":14,"minecraft:spider_eye":5,"minecraft:pumpkin_seeds":9,"minecraft:diamond":13,"minecraft:stone_axe":4,"minecraft:granite":18,"minecraft:gray_wool":1,"minecraft:oak_sapling":1,"minecraft:coal":101,"minecraft:diamond_pickaxe":1},"minecraft:custom":{"minecraft:mob_kills":49,"minecraft:interact_with_crafting_table":47,"minecraft:leave_game":2,"minecraft:time_since_death":3410,"minecraft:climb_one_cm":957,"minecraft:sprint_one_cm":677185,"minecraft:walk_one_cm":337609,"minecraft:damage_blocked_by_shield":2000,"minecraft:drop":77,"minecraft:talked_to_villager":3,"minecraft:play_time":228402,"minecraft:deaths":8,"minecraft:sneak_time":19017,"minecraft:walk_under_water_one_cm":53945,"minecraft:boat_one_cm":401034,"minecraft:jump":3888,"minecraft:walk_on_water_one_cm":45817,"minecraft:total_world_time":228402,"minecraft:interact_with_furnace":55,"minecraft:sleep_in_bed":14,"minecraft:time_since_rest":3448,"minecraft:damage_taken":4398,"minecraft:damage_dealt":8895,"minecraft:player_kills":2,"minecraft:fly_one_cm":599135,"minecraft:swim_one_cm":123346,"minecraft:open_chest":42,"minecraft:crouch_one_cm":29212,"minecraft:fall_one_cm":81075},"minecraft:dropped":{"minecraft:iron_ingot":1,"minecraft:birch_planks":18,"minecraft:wheat_seeds":2,"minecraft:lilac":7,"minecraft:oak_log":1,"minecraft:diamond":1,"minecraft:crafting_table":1,"minecraft:cooked_porkchop":2,"minecraft:oak_fence":4,"minecraft:cobblestone":35,"minecraft:leather":13,"minecraft:coal":58,"minecraft:stick":66,"minecraft:dirt":25,"minecraft:ink_sac":2,"minecraft:torch":20,"minecraft:cornflower":1,"minecraft:mutton":2,"minecraft:stripped_oak_wood":1,"minecraft:iron_pickaxe":3,"minecraft:string":8,"minecraft:white_wool":11,"minecraft:dandelion":6,"minecraft:bone":6,"minecraft:gravel":1,"minecraft:stone_axe":1,"minecraft:cobbled_deepslate":6,"minecraft:raw_iron":4,"minecraft:chicken":2,"minecraft:rotten_flesh":4,"minecraft:oak_planks":75,"minecraft:white_bed":1,"minecraft:pumpkin_seeds":3,"minecraft:lily_of_the_valley":11,"minecraft:poppy":2,"minecraft:shield":2,"minecraft:iron_chestplate":1,"minecraft:andesite":10,"minecraft:oak_sapling":1,"minecraft:beef":4,"minecraft:stone_pickaxe":2},"minecraft:killed":{"minecraft:cave_spider":4,"minecraft:horse":4,"minecraft:skeleton":6,"minecraft:chicken":11,"minecraft:drowned":1,"minecraft:pig":5,"minecraft:sheep":4,"minecraft:zombie":5,"minecraft:glow_squid":2,"minecraft:cow":5},"minecraft:killed_by":{"minecraft:player":5,"minecraft:spider":1,"minecraft:skeleton":1,"minecraft:zombie":1},"minecraft:used":{"minecraft:stone_sword":230,"minecraft:stone_shovel":98,"minecraft:chest":5,"minecraft:shield":79,"minecraft:cooked_chicken":9,"minecraft:rotten_flesh":3,"minecraft:iron_chestplate":2,"minecraft:torch":8,"minecraft:dirt":169,"minecraft:granite":5,"minecraft:hay_block":2,"minecraft:furnace":6,"minecraft:cooked_beef":11,"minecraft:cobbled_deepslate":30,"minecraft:cooked_mutton":11,"minecraft:water_bucket":36,"minecraft:diorite":6,"minecraft:stone_pickaxe":370,"minecraft:oak_planks":2,"minecraft:wooden_pickaxe":38,"minecraft:rail":2,"minecraft:crafting_table":15,"minecraft:white_bed":4,"minecraft:oak_log":9,"minecraft:iron_pickaxe":73,"minecraft:gravel":1,"minecraft:stone_axe":62,"minecraft:cobblestone":41,"minecraft:cooked_porkchop":9,"minecraft:andesite":33,"minecraft:bucket":35,"minecraft:yellow_bed":1,"minecraft:oak_boat":2,"minecraft:chest_minecart":1},"minecraft:mined":{"minecraft:white_bed":8,"minecraft:deepslate_diamond_ore":3,"minecraft:granite":18,"minecraft:grass_block":64,"minecraft:oxeye_daisy":1,"minecraft:hay_block":51,"minecraft:furnace":3,"minecraft:andesite":47,"minecraft:bell":2,"minecraft:dirt_path":10,"minecraft:deepslate_iron_ore":16,"minecraft:rail":4,"minecraft:stone":181,"minecraft:deepslate_redstone_ore":20,"minecraft:lily_of_the_valley":1,"minecraft:dandelion":5,"minecraft:oak_fence":3,"minecraft:crafting_table":12,"minecraft:torch":1,"minecraft:short_grass":32,"minecraft:poppy":2,"minecraft:cobblestone":20,"minecraft:copper_ore":9,"minecraft:tall_grass":4,"minecraft:deepslate_gold_ore":1,"minecraft:sugar_cane":8,"minecraft:diorite":14,"minecraft:wall_torch":3,"minecraft:birch_log":2,"minecraft:lilac":1,"minecraft:stripped_oak_wood":1,"minecraft:yellow_bed":4,"minecraft:oak_log":52,"minecraft:coal_ore":43,"minecraft:dirt":98,"minecraft:cobweb":49,"minecraft:oak_leaves":20,"minecraft:deepslate":97},"minecraft:broken":{"minecraft:stone_sword":1,"minecraft:stone_pickaxe":1}},"DataVersion":3953}