{"stats":{"minecraft:crafted":{"minecraft:oak_planks":152,"minecraft:cooked_chicken":6,"minecraft:furnace":2,"minecraft:cooked_mutton":6,"minecraft:stone_pickaxe":6,"minecraft:cooked_beef":3,"minecraft:cooked_porkchop":1,"minecraft:crafting_table":5,"minecraft:wooden_pickaxe":3,"minecraft:birch_planks":24,"minecraft:stone_axe":2,"minecraft:air":0,"minecraft:oak_boat":2,"minecraft:shield":1,"minecraft:stick":36,"minecraft:iron_ingot":14,"minecraft:iron_pickaxe":2,"minecraft:stone_sword":2,"minecraft:white_bed":2},"minecraft:picked_up":{"minecraft:crafting_table":15,"minecraft:iron_chestplate":2,"minecraft:chicken":12,"minecraft:chest_minecart":1,"minecraft:wooden_pickaxe":1,"minecraft:shield":6,"minecraft:string":108,"minecraft:raw_copper":33,"minecraft:activator_rail":3,"minecraft:cobbled_deepslate":137,"minecraft:bucket":2,"minecraft:beef":7,"minecraft:oak_boat":4,"minecraft:iron_pickaxe":3,"minecraft:sugar_cane":57,"minecraft:furnace":6,"minecraft:egg":5,"minecraft:raw_iron":16,"minecraft:stick":40,"minecraft:torch":42,"minecraft:porkchop":6,"minecraft:diorite":18,"minecraft:redstone":232,"minecraft:stone_sword":4,"minecraft:arrow":9,"minecraft:rotten_flesh":17,"minecraft:beetroot_seeds":16,"minecraft:mutton":8,"minecraft:white_wool":21,"minecraft:rail":6,"minecraft:cobblestone":248,"minecraft:birch_log":2,"minecraft:lilac":1,"minecraft:feather":11,"minecraft:cooked_beef":5,"minecraft:glow_ink_sac":4,"minecraft:water_bucket":1,"minecraft:andesite":58,"minecraft:leather":11,"minecraft:oak_log":43,"minecraft:dirt":92,"minecraft:name_tag":3,"minecraft:cooked_mutton":2,"minecraft:bone":9,"minecraft:wheat_seeds":11,"minecraft:raw_gold":7,"minecraft:stone_pickaxe":1,"minecraft:powered_rail":2,"minecraft:oak_planks":17,"minecraft:cooked_porkchop":11,"minecraft:dandelion":2,"minecraft:gravel":1,"minecraft:white_bed":4,"minecraft:lily_of_the_valley":2,"minecraft:spider_eye":2,"minecraft:pumpkin_seeds":3,"minecraft:diamond":13,"minecraft:stone_axe":4,"minecraft:granite":18,"minecraft:gray_wool":1,"minecraft:coal":101,"minecraft:diamond_pickaxe":1},"minecraft:custom":{"minecraft:mob_kills":48,"minecraft:interact_with_crafting_table":40,"minecraft:leave_game":1,"minecraft:time_since_death":15363,"minecraft:sprint_one_cm":534600,"minecraft:walk_one_cm":277896,"minecraft:damage_blocked_by_shield":1710,"minecraft:drop":45,"minecraft:play_time":181089,"minecraft:deaths":6,"minecraft:sneak_time":15702,"minecraft:walk_under_water_one_cm":44032,"minecraft:boat_one_cm":401034,"minecraft:jump":3076,"minecraft:walk_on_water_one_cm":28875,"minecraft:total_world_time":181089,"minecraft:interact_with_furnace":50,"minecraft:sleep_in_bed":8,"minecraft:time_since_rest":694,"minecraft:damage_taken":3250,"minecraft:damage_dealt":7380,"minecraft:fly_one_cm":407915,"minecraft:swim_one_cm":23531,"minecraft:open_chest":16,"minecraft:crouch_one_cm":21727,"minecraft:fall_one_cm":64737},"minecraft:dropped":{"minecraft:iron_ingot":1,"minecraft:birch_planks":16,"minecraft:lilac":1,"minecraft:oak_log":1,"minecraft:diamond":1,"minecraft:crafting_table":1,"minecraft:cooked_porkchop":2,"minecraft:cobblestone":26,"minecraft:coal":58,"minecraft:stick":1,"minecraft:torch":16,"minecraft:iron_pickaxe":3,"minecraft:white_wool":10,"minecraft:dandelion":1,"minecraft:stone_axe":1,"minecraft:cobbled_deepslate":4,"minecraft:raw_iron":4,"minecraft:chicken":2,"minecraft:rotten_flesh":4,"minecraft:oak_planks":71,"minecraft:white_bed":1,"minecraft:andesite":10,"minecraft:stone_pickaxe":1},"minecraft:killed":{"minecraft:cave_spider":4,"minecraft:horse":4,"minecraft:skeleton":6,"minecraft:chicken":11,"minecraft:pig":5,"minecraft:sheep":4,"minecraft:zombie":5,"minecraft:glow_squid":2,"minecraft:cow":5},"minecraft:killed_by":{"minecraft:player":3,"minecraft:spider":1,"minecraft:skeleton":1,"minecraft:zombie":1},"minecraft:used":{"minecraft:stone_sword":198,"minecraft:shield":72,"minecraft:cooked_chicken":3,"minecraft:rotten_flesh":3,"minecraft:iron_chestplate":1,"minecraft:torch":8,"minecraft:dirt":66,"minecraft:granite":5,"minecraft:furnace":4,"minecraft:cooked_beef":9,"minecraft:cobbled_deepslate":30,"minecraft:cooked_mutton":5,"minecraft:water_bucket":36,"minecraft:diorite":6,"minecraft:stone_pickaxe":368,"minecraft:oak_planks":2,"minecraft:wooden_pickaxe":38,"minecraft:rail":2,"minecraft:crafting_table":14,"minecraft:white_bed":3,"minecraft:oak_log":9,"minecraft:iron_pickaxe":73,"minecraft:gravel":1,"minecraft:stone_axe":34,"minecraft:cobblestone":41,"minecraft:cooked_porkchop":9,"minecraft:andesite":33,"minecraft:bucket":35,"minecraft:oak_boat":2,"minecraft:chest_minecart":1},"minecraft:mined":{"minecraft:white_bed":3,"minecraft:deepslate_diamond_ore":3,"minecraft:granite":18,"minecraft:grass_block":6,"minecraft:oxeye_daisy":1,"minecraft:furnace":3,"minecraft:andesite":47,"minecraft:deepslate_iron_ore":16,"minecraft:rail":4,"minecraft:stone":181,"minecraft:deepslate_redstone_ore":20,"minecraft:lily_of_the_valley":1,"minecraft:crafting_table":12,"minecraft:torch":1,"minecraft:short_grass":23,"minecraft:cobblestone":20,"minecraft:copper_ore":9,"minecraft:tall_grass":2,"minecraft:deepslate_gold_ore":1,"minecraft:sugar_cane":8,"minecraft:diorite":14,"minecraft:wall_torch":3,"minecraft:birch_log":2,"minecraft:lilac":1,"minecraft:oak_log":35,"minecraft:coal_ore":43,"minecraft:dirt":64,"minecraft:cobweb":49,"minecraft:oak_leaves":11,"minecraft:deepslate":97},"minecraft:broken":{"minecraft:stone_sword":1,"minecraft:stone_pickaxe":1}},"DataVersion":3953}