{"stats":{"minecraft:crafted":{"minecraft:oak_planks":96,"minecraft:crafting_table":4,"minecraft:wooden_pickaxe":1,"minecraft:cooked_chicken":3,"minecraft:furnace":2,"minecraft:stone_axe":1,"minecraft:cooked_mutton":1,"minecraft:air":0,"minecraft:oak_boat":2,"minecraft:stick":20,"minecraft:iron_ingot":3,"minecraft:iron_pickaxe":1,"minecraft:stone_pickaxe":3},"minecraft:picked_up":{"minecraft:crafting_table":4,"minecraft:feather":4,"minecraft:chicken":5,"minecraft:andesite":16,"minecraft:oak_log":34,"minecraft:shield":1,"minecraft:dirt":19,"minecraft:raw_copper":33,"minecraft:cooked_mutton":2,"minecraft:bone":1,"minecraft:wheat_seeds":5,"minecraft:cobbled_deepslate":93,"minecraft:raw_gold":1,"minecraft:oak_boat":2,"minecraft:iron_pickaxe":1,"minecraft:oak_planks":17,"minecraft:furnace":1,"minecraft:stick":4,"minecraft:raw_iron":7,"minecraft:diorite":8,"minecraft:redstone":23,"minecraft:stone_sword":1,"minecraft:rotten_flesh":7,"minecraft:diamond":2,"minecraft:granite":13,"minecraft:mutton":1,"minecraft:coal":43,"minecraft:white_wool":1,"minecraft:cobblestone":134},"minecraft:custom":{"minecraft:interact_with_furnace":17,"minecraft:mob_kills":10,"minecraft:interact_with_crafting_table":14,"minecraft:leave_game":1,"minecraft:time_since_death":3433,"minecraft:time_since_rest":3467,"minecraft:sprint_one_cm":163709,"minecraft:damage_taken":838,"minecraft:walk_one_cm":101279,"minecraft:damage_blocked_by_shield":474,"minecraft:drop":12,"minecraft:damage_dealt":1767,"minecraft:swim_one_cm":4632,"minecraft:fly_one_cm":126797,"minecraft:open_chest":5,"minecraft:crouch_one_cm":3110,"minecraft:play_time":73089,"minecraft:deaths":2,"minecraft:sneak_time":3800,"minecraft:walk_under_water_one_cm":600,"minecraft:boat_one_cm":363744,"minecraft:jump":1153,"minecraft:walk_on_water_one_cm":787,"minecraft:total_world_time":73089,"minecraft:fall_one_cm":18005},"minecraft:dropped":{"minecraft:oak_log":1,"minecraft:rotten_flesh":4,"minecraft:raw_iron":4,"minecraft:chicken":2,"minecraft:cobblestone":11,"minecraft:oak_planks":34,"minecraft:iron_pickaxe":1},"minecraft:killed":{"minecraft:skeleton":1,"minecraft:zombie":4,"minecraft:chicken":4},"minecraft:killed_by":{"minecraft:spider":1,"minecraft:zombie":1},"minecraft:used":{"minecraft:cooked_mutton":3,"minecraft:stone_sword":10,"minecraft:stone_pickaxe":266,"minecraft:oak_planks":2,"minecraft:shield":20,"minecraft:wooden_pickaxe":15,"minecraft:cooked_chicken":3,"minecraft:rotten_flesh":3,"minecraft:dirt":11,"minecraft:crafting_table":7,"minecraft:oak_log":9,"minecraft:iron_pickaxe":16,"minecraft:stone_axe":17,"minecraft:furnace":3,"minecraft:andesite":6,"minecraft:oak_boat":1,"minecraft:cobbled_deepslate":18},"minecraft:mined":{"minecraft:deepslate_redstone_ore":5,"minecraft:deepslate_diamond_ore":2,"minecraft:crafting_table":4,"minecraft:granite":13,"minecraft:short_grass":10,"minecraft:grass_block":3,"minecraft:tall_grass":1,"minecraft:copper_ore":9,"minecraft:cobblestone":3,"minecraft:deepslate_gold_ore":1,"minecraft:diorite":8,"minecraft:furnace":1,"minecraft:andesite":16,"minecraft:coal_ore":43,"minecraft:oak_log":26,"minecraft:deepslate_iron_ore":7,"minecraft:dirt":12,"minecraft:stone":104,"minecraft:oak_leaves":3,"minecraft:deepslate":85},"minecraft:broken":{"minecraft:stone_pickaxe":1}},"DataVersion":3953}