{"stats":{"minecraft:picked_up":{"minecraft:crafting_table":8,"minecraft:feather":5,"minecraft:chicken":6,"minecraft:water_bucket":1,"minecraft:andesite":57,"minecraft:leather":10,"minecraft:wooden_pickaxe":1,"minecraft:oak_log":43,"minecraft:shield":2,"minecraft:string":8,"minecraft:dirt":87,"minecraft:raw_copper":33,"minecraft:cooked_mutton":2,"minecraft:bone":7,"minecraft:wheat_seeds":7,"minecraft:cobbled_deepslate":104,"minecraft:raw_gold":1,"minecraft:beef":5,"minecraft:oak_boat":2,"minecraft:iron_pickaxe":3,"minecraft:sugar_cane":38,"minecraft:oak_planks":17,"minecraft:egg":2,"minecraft:furnace":2,"minecraft:stick":7,"minecraft:raw_iron":12,"minecraft:cooked_porkchop":8,"minecraft:torch":8,"minecraft:dandelion":2,"minecraft:gravel":1,"minecraft:diorite":16,"minecraft:redstone":91,"minecraft:spider_eye":1,"minecraft:stone_sword":2,"minecraft:arrow":6,"minecraft:rotten_flesh":12,"minecraft:diamond":2,"minecraft:stone_axe":1,"minecraft:granite":18,"minecraft:mutton":1,"minecraft:coal":94,"minecraft:rail":2,"minecraft:white_wool":16,"minecraft:cobblestone":227},"minecraft:crafted":{"minecraft:cooked_beef":3,"minecraft:oak_planks":132,"minecraft:cooked_porkchop":1,"minecraft:crafting_table":5,"minecraft:wooden_pickaxe":3,"minecraft:cooked_chicken":3,"minecraft:furnace":2,"minecraft:stone_axe":2,"minecraft:cooked_mutton":6,"minecraft:air":0,"minecraft:oak_boat":2,"minecraft:shield":1,"minecraft:stick":36,"minecraft:iron_ingot":13,"minecraft:iron_pickaxe":2,"minecraft:stone_pickaxe":5,"minecraft:stone_sword":1,"minecraft:white_bed":1},"minecraft:custom":{"minecraft:interact_with_furnace":36,"minecraft:mob_kills":23,"minecraft:interact_with_crafting_table":29,"minecraft:leave_game":1,"minecraft:time_since_death":21812,"minecraft:sleep_in_bed":4,"minecraft:time_since_rest":16794,"minecraft:sprint_one_cm":357611,"minecraft:damage_taken":2066,"minecraft:walk_one_cm":195617,"minecraft:damage_blocked_by_shield":830,"minecraft:drop":30,"minecraft:damage_dealt":4613,"minecraft:swim_one_cm":12875,"minecraft:fly_one_cm":258196,"minecraft:open_chest":16,"minecraft:crouch_one_cm":19921,"minecraft:play_time":133089,"minecraft:deaths":4,"minecraft:sneak_time":15268,"minecraft:walk_under_water_one_cm":26296,"minecraft:boat_one_cm":363744,"minecraft:jump":2223,"minecraft:walk_on_water_one_cm":8808,"minecraft:total_world_time":133089,"minecraft:fall_one_cm":45071},"minecraft:dropped":{"minecraft:oak_log":1,"minecraft:cooked_porkchop":2,"minecraft:rotten_flesh":4,"minecraft:raw_iron":4,"minecraft:chicken":2,"minecraft:cobblestone":20,"minecraft:oak_planks":51,"minecraft:andesite":2,"minecraft:stone_pickaxe":1,"minecraft:iron_pickaxe":2,"minecraft:white_wool":10,"minecraft:dandelion":1},"minecraft:killed":{"minecraft:horse":4,"minecraft:skeleton":4,"minecraft:zombie":5,"minecraft:chicken":5,"minecraft:cow":3},"minecraft:killed_by":{"minecraft:player":1,"minecraft:skeleton":1,"minecraft:spider":1,"minecraft:zombie":1},"minecraft:used":{"minecraft:cooked_mutton":5,"minecraft:water_bucket":9,"minecraft:diorite":6,"minecraft:stone_sword":80,"minecraft:stone_pickaxe":354,"minecraft:oak_planks":2,"minecraft:shield":44,"minecraft:wooden_pickaxe":35,"minecraft:cooked_chicken":3,"minecraft:rotten_flesh":3,"minecraft:torch":6,"minecraft:dirt":53,"minecraft:crafting_table":10,"minecraft:white_bed":1,"minecraft:granite":4,"minecraft:oak_log":9,"minecraft:iron_pickaxe":72,"minecraft:gravel":1,"minecraft:stone_axe":29,"minecraft:cobblestone":41,"minecraft:furnace":3,"minecraft:cooked_porkchop":5,"minecraft:bucket":9,"minecraft:andesite":33,"minecraft:oak_boat":1,"minecraft:cooked_beef":4,"minecraft:cobbled_deepslate":25},"minecraft:mined":{"minecraft:deepslate_redstone_ore":20,"minecraft:deepslate_diamond_ore":2,"minecraft:torch":1,"minecraft:crafting_table":7,"minecraft:granite":18,"minecraft:short_grass":12,"minecraft:grass_block":4,"minecraft:tall_grass":1,"minecraft:copper_ore":9,"minecraft:cobblestone":19,"minecraft:deepslate_gold_ore":1,"minecraft:sugar_cane":8,"minecraft:oxeye_daisy":1,"minecraft:diorite":14,"minecraft:wall_torch":2,"minecraft:furnace":1,"minecraft:andesite":47,"minecraft:coal_ore":43,"minecraft:oak_log":35,"minecraft:deepslate_iron_ore":12,"minecraft:rail":2,"minecraft:dirt":61,"minecraft:cobweb":9,"minecraft:stone":180,"minecraft:oak_leaves":11,"minecraft:deepslate":90},"minecraft:broken":{"minecraft:stone_pickaxe":1}},"DataVersion":3953}