{"stats":{"minecraft:picked_up":{"minecraft:crafting_table":8,"minecraft:feather":5,"minecraft:chicken":6,"minecraft:water_bucket":1,"minecraft:andesite":49,"minecraft:leather":10,"minecraft:wooden_pickaxe":1,"minecraft:oak_log":43,"minecraft:shield":2,"minecraft:dirt":85,"minecraft:raw_copper":33,"minecraft:cooked_mutton":2,"minecraft:bone":7,"minecraft:wheat_seeds":7,"minecraft:cobbled_deepslate":100,"minecraft:raw_gold":1,"minecraft:beef":5,"minecraft:oak_boat":2,"minecraft:iron_pickaxe":2,"minecraft:sugar_cane":38,"minecraft:oak_planks":17,"minecraft:egg":2,"minecraft:furnace":1,"minecraft:stick":7,"minecraft:raw_iron":7,"minecraft:cooked_porkchop":8,"minecraft:torch":2,"minecraft:dandelion":2,"minecraft:gravel":1,"minecraft:diorite":14,"minecraft:redstone":23,"minecraft:stone_sword":2,"minecraft:arrow":4,"minecraft:rotten_flesh":12,"minecraft:diamond":2,"minecraft:stone_axe":1,"minecraft:granite":17,"minecraft:mutton":1,"minecraft:coal":43,"minecraft:white_wool":16,"minecraft:cobblestone":223},"minecraft:crafted":{"minecraft:cooked_beef":3,"minecraft:oak_planks":132,"minecraft:cooked_porkchop":1,"minecraft:crafting_table":5,"minecraft:wooden_pickaxe":3,"minecraft:cooked_chicken":3,"minecraft:furnace":2,"minecraft:stone_axe":2,"minecraft:cooked_mutton":6,"minecraft:air":0,"minecraft:oak_boat":2,"minecraft:shield":1,"minecraft:stick":36,"minecraft:iron_ingot":13,"minecraft:iron_pickaxe":2,"minecraft:stone_pickaxe":5,"minecraft:stone_sword":1,"minecraft:white_bed":1},"minecraft:custom":{"minecraft:interact_with_furnace":34,"minecraft:mob_kills":22,"minecraft:interact_with_crafting_table":29,"minecraft:leave_game":1,"minecraft:time_since_death":9812,"minecraft:sleep_in_bed":4,"minecraft:time_since_rest":4794,"minecraft:sprint_one_cm":269876,"minecraft:damage_taken":1731,"minecraft:walk_one_cm":172454,"minecraft:damage_blocked_by_shield":650,"minecraft:drop":29,"minecraft:damage_dealt":4231,"minecraft:swim_one_cm":9329,"minecraft:fly_one_cm":250077,"minecraft:open_chest":12,"minecraft:crouch_one_cm":18261,"minecraft:play_time":121089,"minecraft:deaths":4,"minecraft:sneak_time":14628,"minecraft:walk_under_water_one_cm":18255,"minecraft:boat_one_cm":363744,"minecraft:jump":2131,"minecraft:walk_on_water_one_cm":8119,"minecraft:total_world_time":121089,"minecraft:fall_one_cm":42288},"minecraft:dropped":{"minecraft:oak_log":1,"minecraft:cooked_porkchop":2,"minecraft:rotten_flesh":4,"minecraft:raw_iron":4,"minecraft:chicken":2,"minecraft:cobblestone":20,"minecraft:oak_planks":51,"minecraft:andesite":2,"minecraft:stone_pickaxe":1,"minecraft:iron_pickaxe":1,"minecraft:white_wool":10,"minecraft:dandelion":1},"minecraft:killed":{"minecraft:horse":4,"minecraft:skeleton":3,"minecraft:zombie":5,"minecraft:chicken":5,"minecraft:cow":3},"minecraft:killed_by":{"minecraft:player":1,"minecraft:skeleton":1,"minecraft:spider":1,"minecraft:zombie":1},"minecraft:used":{"minecraft:cooked_mutton":5,"minecraft:water_bucket":7,"minecraft:diorite":6,"minecraft:stone_sword":61,"minecraft:stone_pickaxe":354,"minecraft:oak_planks":2,"minecraft:shield":32,"minecraft:wooden_pickaxe":35,"minecraft:cooked_chicken":3,"minecraft:rotten_flesh":3,"minecraft:torch":2,"minecraft:dirt":51,"minecraft:crafting_table":10,"minecraft:white_bed":1,"minecraft:granite":4,"minecraft:oak_log":9,"minecraft:iron_pickaxe":40,"minecraft:stone_axe":29,"minecraft:cobblestone":41,"minecraft:furnace":3,"minecraft:cooked_porkchop":1,"minecraft:bucket":6,"minecraft:andesite":33,"minecraft:oak_boat":1,"minecraft:cooked_beef":4,"minecraft:cobbled_deepslate":25},"minecraft:mined":{"minecraft:deepslate_redstone_ore":5,"minecraft:deepslate_diamond_ore":2,"minecraft:crafting_table":7,"minecraft:granite":17,"minecraft:short_grass":12,"minecraft:grass_block":4,"minecraft:tall_grass":1,"minecraft:copper_ore":9,"minecraft:cobblestone":19,"minecraft:deepslate_gold_ore":1,"minecraft:sugar_cane":8,"minecraft:oxeye_daisy":1,"minecraft:diorite":14,"minecraft:wall_torch":2,"minecraft:furnace":1,"minecraft:andesite":40,"minecraft:coal_ore":43,"minecraft:oak_log":35,"minecraft:deepslate_iron_ore":7,"minecraft:dirt":61,"minecraft:stone":180,"minecraft:oak_leaves":11,"minecraft:deepslate":88},"minecraft:broken":{"minecraft:stone_pickaxe":1}},"DataVersion":3953}