{"stats":{"minecraft:picked_up":{"minecraft:crafting_table":7,"minecraft:feather":4,"minecraft:chicken":5,"minecraft:andesite":46,"minecraft:oak_log":38,"minecraft:shield":1,"minecraft:dirt":43,"minecraft:raw_copper":33,"minecraft:cooked_mutton":2,"minecraft:bone":7,"minecraft:wheat_seeds":6,"minecraft:cobbled_deepslate":97,"minecraft:raw_gold":1,"minecraft:oak_boat":2,"minecraft:iron_pickaxe":1,"minecraft:oak_planks":17,"minecraft:furnace":1,"minecraft:stick":4,"minecraft:raw_iron":7,"minecraft:torch":2,"minecraft:diorite":8,"minecraft:redstone":23,"minecraft:stone_sword":1,"minecraft:arrow":4,"minecraft:rotten_flesh":7,"minecraft:diamond":2,"minecraft:granite":13,"minecraft:mutton":1,"minecraft:coal":43,"minecraft:white_wool":1,"minecraft:cobblestone":188},"minecraft:crafted":{"minecraft:cooked_beef":1,"minecraft:oak_planks":112,"minecraft:crafting_table":5,"minecraft:wooden_pickaxe":3,"minecraft:cooked_chicken":3,"minecraft:furnace":2,"minecraft:stone_axe":2,"minecraft:cooked_mutton":1,"minecraft:air":0,"minecraft:oak_boat":2,"minecraft:shield":1,"minecraft:stick":36,"minecraft:iron_ingot":13,"minecraft:iron_pickaxe":2,"minecraft:stone_pickaxe":5,"minecraft:stone_sword":1},"minecraft:custom":{"minecraft:interact_with_furnace":23,"minecraft:mob_kills":12,"minecraft:interact_with_crafting_table":22,"minecraft:leave_game":1,"minecraft:time_since_death":16337,"minecraft:sleep_in_bed":2,"minecraft:time_since_rest":12072,"minecraft:sprint_one_cm":226734,"minecraft:damage_taken":1183,"minecraft:walk_one_cm":131964,"minecraft:damage_blocked_by_shield":594,"minecraft:drop":12,"minecraft:damage_dealt":2362,"minecraft:swim_one_cm":4632,"minecraft:fly_one_cm":180682,"minecraft:open_chest":12,"minecraft:crouch_one_cm":13281,"minecraft:play_time":97089,"minecraft:deaths":3,"minecraft:sneak_time":11204,"minecraft:walk_under_water_one_cm":600,"minecraft:boat_one_cm":363744,"minecraft:jump":1571,"minecraft:walk_on_water_one_cm":787,"minecraft:total_world_time":97089,"minecraft:fall_one_cm":30872},"minecraft:dropped":{"minecraft:oak_log":1,"minecraft:rotten_flesh":4,"minecraft:raw_iron":4,"minecraft:chicken":2,"minecraft:cobblestone":11,"minecraft:oak_planks":34,"minecraft:iron_pickaxe":1},"minecraft:killed":{"minecraft:skeleton":3,"minecraft:zombie":4,"minecraft:chicken":4},"minecraft:killed_by":{"minecraft:skeleton":1,"minecraft:spider":1,"minecraft:zombie":1},"minecraft:used":{"minecraft:cooked_mutton":3,"minecraft:stone_sword":18,"minecraft:stone_pickaxe":325,"minecraft:oak_planks":2,"minecraft:shield":24,"minecraft:wooden_pickaxe":35,"minecraft:cooked_chicken":3,"minecraft:rotten_flesh":3,"minecraft:torch":2,"minecraft:dirt":21,"minecraft:crafting_table":10,"minecraft:oak_log":9,"minecraft:iron_pickaxe":18,"minecraft:stone_axe":18,"minecraft:cobblestone":21,"minecraft:furnace":3,"minecraft:andesite":32,"minecraft:oak_boat":1,"minecraft:cooked_beef":2,"minecraft:cobbled_deepslate":22},"minecraft:mined":{"minecraft:deepslate_redstone_ore":5,"minecraft:deepslate_diamond_ore":2,"minecraft:crafting_table":7,"minecraft:granite":13,"minecraft:short_grass":10,"minecraft:grass_block":4,"minecraft:tall_grass":1,"minecraft:copper_ore":9,"minecraft:cobblestone":17,"minecraft:deepslate_gold_ore":1,"minecraft:diorite":8,"minecraft:wall_torch":2,"minecraft:furnace":1,"minecraft:andesite":37,"minecraft:coal_ore":43,"minecraft:oak_log":30,"minecraft:deepslate_iron_ore":7,"minecraft:dirt":25,"minecraft:stone":145,"minecraft:oak_leaves":5,"minecraft:deepslate":88},"minecraft:broken":{"minecraft:stone_pickaxe":1}},"DataVersion":3953}