{"stats":{"minecraft:crafted":{"minecraft:oak_planks":76,"minecraft:crafting_table":3,"minecraft:wooden_pickaxe":1,"minecraft:cooked_chicken":3,"minecraft:furnace":2,"minecraft:stone_axe":1,"minecraft:cooked_mutton":1,"minecraft:air":0,"minecraft:oak_boat":1,"minecraft:stick":20,"minecraft:iron_ingot":3,"minecraft:iron_pickaxe":1,"minecraft:stone_pickaxe":3},"minecraft:picked_up":{"minecraft:crafting_table":3,"minecraft:feather":4,"minecraft:chicken":5,"minecraft:andesite":16,"minecraft:oak_log":29,"minecraft:dirt":19,"minecraft:raw_copper":33,"minecraft:cooked_mutton":2,"minecraft:wheat_seeds":5,"minecraft:cobbled_deepslate":86,"minecraft:raw_gold":1,"minecraft:oak_boat":1,"minecraft:iron_pickaxe":1,"minecraft:furnace":1,"minecraft:stick":4,"minecraft:raw_iron":7,"minecraft:diorite":8,"minecraft:redstone":9,"minecraft:rotten_flesh":4,"minecraft:granite":13,"minecraft:mutton":1,"minecraft:coal":43,"minecraft:white_wool":1,"minecraft:cobblestone":131},"minecraft:custom":{"minecraft:interact_with_furnace":15,"minecraft:mob_kills":7,"minecraft:interact_with_crafting_table":13,"minecraft:leave_game":1,"minecraft:time_since_death":45637,"minecraft:time_since_rest":45679,"minecraft:sprint_one_cm":122484,"minecraft:damage_taken":488,"minecraft:walk_one_cm":76889,"minecraft:drop":5,"minecraft:damage_dealt":1151,"minecraft:swim_one_cm":4632,"minecraft:fly_one_cm":97156,"minecraft:crouch_one_cm":2589,"minecraft:play_time":61089,"minecraft:deaths":1,"minecraft:sneak_time":3536,"minecraft:walk_under_water_one_cm":102,"minecraft:boat_one_cm":337844,"minecraft:jump":948,"minecraft:walk_on_water_one_cm":769,"minecraft:total_world_time":61089,"minecraft:fall_one_cm":13637},"minecraft:dropped":{"minecraft:oak_log":1,"minecraft:chicken":2,"minecraft:cobblestone":11,"minecraft:iron_pickaxe":1},"minecraft:killed":{"minecraft:zombie":2,"minecraft:chicken":4},"minecraft:killed_by":{"minecraft:spider":1},"minecraft:used":{"minecraft:cooked_mutton":3,"minecraft:stone_pickaxe":263,"minecraft:oak_planks":2,"minecraft:wooden_pickaxe":15,"minecraft:cooked_chicken":2,"minecraft:dirt":8,"minecraft:crafting_table":6,"minecraft:oak_log":9,"minecraft:iron_pickaxe":9,"minecraft:stone_axe":15,"minecraft:furnace":3,"minecraft:andesite":6,"minecraft:cobbled_deepslate":17},"minecraft:mined":{"minecraft:deepslate_redstone_ore":2,"minecraft:crafting_table":3,"minecraft:granite":13,"minecraft:short_grass":9,"minecraft:grass_block":3,"minecraft:copper_ore":9,"minecraft:deepslate_gold_ore":1,"minecraft:diorite":8,"minecraft:furnace":1,"minecraft:andesite":16,"minecraft:coal_ore":43,"minecraft:oak_log":21,"minecraft:deepslate_iron_ore":7,"minecraft:dirt":12,"minecraft:stone":104,"minecraft:oak_leaves":3,"minecraft:deepslate":83},"minecraft:broken":{"minecraft:stone_pickaxe":1}},"DataVersion":3953}