{"stats":{"minecraft:picked_up":{"minecraft:crafting_table":11,"minecraft:feather":5,"minecraft:cooked_beef":5,"minecraft:chicken":6,"minecraft:glow_ink_sac":2,"minecraft:water_bucket":1,"minecraft:andesite":57,"minecraft:leather":10,"minecraft:wooden_pickaxe":1,"minecraft:oak_log":43,"minecraft:shield":2,"minecraft:string":54,"minecraft:dirt":87,"minecraft:raw_copper":33,"minecraft:name_tag":1,"minecraft:cooked_mutton":2,"minecraft:bone":9,"minecraft:activator_rail":3,"minecraft:wheat_seeds":7,"minecraft:cobbled_deepslate":107,"minecraft:raw_gold":1,"minecraft:beef":5,"minecraft:oak_boat":2,"minecraft:iron_pickaxe":3,"minecraft:powered_rail":2,"minecraft:sugar_cane":38,"minecraft:oak_planks":17,"minecraft:egg":2,"minecraft:furnace":2,"minecraft:stick":8,"minecraft:raw_iron":14,"minecraft:cooked_porkchop":8,"minecraft:torch":34,"minecraft:dandelion":2,"minecraft:gravel":1,"minecraft:diorite":16,"minecraft:redstone":100,"minecraft:spider_eye":2,"minecraft:pumpkin_seeds":3,"minecraft:stone_sword":2,"minecraft:arrow":9,"minecraft:rotten_flesh":12,"minecraft:diamond":3,"minecraft:beetroot_seeds":4,"minecraft:stone_axe":1,"minecraft:granite":18,"minecraft:mutton":1,"minecraft:coal":101,"minecraft:rail":4,"minecraft:white_wool":16,"minecraft:cobblestone":227},"minecraft:crafted":{"minecraft:cooked_beef":3,"minecraft:oak_planks":152,"minecraft:cooked_porkchop":1,"minecraft:crafting_table":5,"minecraft:wooden_pickaxe":3,"minecraft:cooked_chicken":3,"minecraft:furnace":2,"minecraft:birch_planks":16,"minecraft:stone_axe":2,"minecraft:cooked_mutton":6,"minecraft:air":0,"minecraft:oak_boat":2,"minecraft:shield":1,"minecraft:stick":36,"minecraft:iron_ingot":13,"minecraft:iron_pickaxe":2,"minecraft:stone_pickaxe":6,"minecraft:stone_sword":2,"minecraft:white_bed":1},"minecraft:custom":{"minecraft:interact_with_furnace":36,"minecraft:mob_kills":31,"minecraft:interact_with_crafting_table":37,"minecraft:leave_game":1,"minecraft:time_since_death":33812,"minecraft:sleep_in_bed":4,"minecraft:time_since_rest":28794,"minecraft:sprint_one_cm":402307,"minecraft:damage_taken":2636,"minecraft:walk_one_cm":220540,"minecraft:damage_blocked_by_shield":1220,"minecraft:drop":39,"minecraft:damage_dealt":5935,"minecraft:swim_one_cm":12875,"minecraft:fly_one_cm":261081,"minecraft:open_chest":16,"minecraft:crouch_one_cm":19921,"minecraft:play_time":145089,"minecraft:deaths":4,"minecraft:sneak_time":15292,"minecraft:walk_under_water_one_cm":26296,"minecraft:boat_one_cm":363744,"minecraft:jump":2280,"minecraft:walk_on_water_one_cm":24416,"minecraft:total_world_time":145089,"minecraft:fall_one_cm":45071},"minecraft:dropped":{"minecraft:birch_planks":16,"minecraft:oak_log":1,"minecraft:cobbled_deepslate":4,"minecraft:cooked_porkchop":2,"minecraft:rotten_flesh":4,"minecraft:raw_iron":4,"minecraft:chicken":2,"minecraft:cobblestone":26,"minecraft:oak_planks":71,"minecraft:coal":58,"minecraft:stick":1,"minecraft:torch":16,"minecraft:andesite":10,"minecraft:stone_pickaxe":1,"minecraft:iron_pickaxe":3,"minecraft:white_wool":10,"minecraft:dandelion":1},"minecraft:killed":{"minecraft:cave_spider":4,"minecraft:horse":4,"minecraft:skeleton":6,"minecraft:zombie":5,"minecraft:chicken":5,"minecraft:glow_squid":2,"minecraft:cow":3},"minecraft:killed_by":{"minecraft:player":1,"minecraft:skeleton":1,"minecraft:spider":1,"minecraft:zombie":1},"minecraft:used":{"minecraft:cooked_mutton":5,"minecraft:water_bucket":9,"minecraft:diorite":6,"minecraft:stone_sword":152,"minecraft:stone_pickaxe":356,"minecraft:oak_planks":2,"minecraft:shield":62,"minecraft:wooden_pickaxe":38,"minecraft:cooked_chicken":3,"minecraft:rotten_flesh":3,"minecraft:torch":8,"minecraft:dirt":63,"minecraft:crafting_table":13,"minecraft:white_bed":1,"minecraft:granite":5,"minecraft:oak_log":9,"minecraft:iron_pickaxe":73,"minecraft:gravel":1,"minecraft:stone_axe":30,"minecraft:cobblestone":41,"minecraft:furnace":3,"minecraft:cooked_porkchop":7,"minecraft:bucket":9,"minecraft:andesite":33,"minecraft:oak_boat":1,"minecraft:cooked_beef":8,"minecraft:cobbled_deepslate":25},"minecraft:mined":{"minecraft:deepslate_redstone_ore":20,"minecraft:deepslate_diamond_ore":3,"minecraft:torch":1,"minecraft:crafting_table":10,"minecraft:granite":18,"minecraft:short_grass":12,"minecraft:grass_block":4,"minecraft:tall_grass":1,"minecraft:copper_ore":9,"minecraft:cobblestone":19,"minecraft:deepslate_gold_ore":1,"minecraft:sugar_cane":8,"minecraft:oxeye_daisy":1,"minecraft:diorite":14,"minecraft:wall_torch":3,"minecraft:furnace":1,"minecraft:andesite":47,"minecraft:coal_ore":43,"minecraft:oak_log":35,"minecraft:deepslate_iron_ore":14,"minecraft:rail":2,"minecraft:dirt":61,"minecraft:cobweb":49,"minecraft:stone":180,"minecraft:oak_leaves":11,"minecraft:deepslate":93},"minecraft:broken":{"minecraft:stone_pickaxe":1,"minecraft:stone_sword":1}},"DataVersion":3953}