{"stats":{"minecraft:picked_up":{"minecraft:crafting_table":7,"minecraft:feather":5,"minecraft:chicken":6,"minecraft:andesite":49,"minecraft:leather":5,"minecraft:oak_log":38,"minecraft:shield":1,"minecraft:dirt":67,"minecraft:raw_copper":33,"minecraft:cooked_mutton":2,"minecraft:bone":7,"minecraft:wheat_seeds":7,"minecraft:cobbled_deepslate":100,"minecraft:raw_gold":1,"minecraft:beef":5,"minecraft:oak_boat":2,"minecraft:iron_pickaxe":1,"minecraft:sugar_cane":19,"minecraft:oak_planks":17,"minecraft:egg":1,"minecraft:furnace":1,"minecraft:stick":4,"minecraft:raw_iron":7,"minecraft:torch":2,"minecraft:diorite":14,"minecraft:redstone":23,"minecraft:stone_sword":1,"minecraft:arrow":4,"minecraft:rotten_flesh":7,"minecraft:diamond":2,"minecraft:granite":17,"minecraft:mutton":1,"minecraft:coal":43,"minecraft:white_wool":1,"minecraft:cobblestone":217},"minecraft:crafted":{"minecraft:cooked_beef":3,"minecraft:oak_planks":112,"minecraft:crafting_table":5,"minecraft:wooden_pickaxe":3,"minecraft:cooked_chicken":3,"minecraft:furnace":2,"minecraft:stone_axe":2,"minecraft:cooked_mutton":1,"minecraft:air":0,"minecraft:oak_boat":2,"minecraft:shield":1,"minecraft:stick":36,"minecraft:iron_ingot":13,"minecraft:iron_pickaxe":2,"minecraft:stone_pickaxe":5,"minecraft:stone_sword":1},"minecraft:custom":{"minecraft:interact_with_furnace":27,"minecraft:mob_kills":20,"minecraft:interact_with_crafting_table":22,"minecraft:leave_game":1,"minecraft:time_since_death":28337,"minecraft:sleep_in_bed":2,"minecraft:time_since_rest":24072,"minecraft:sprint_one_cm":254085,"minecraft:damage_taken":1273,"minecraft:walk_one_cm":154462,"minecraft:damage_blocked_by_shield":594,"minecraft:drop":19,"minecraft:damage_dealt":3552,"minecraft:swim_one_cm":5663,"minecraft:fly_one_cm":225988,"minecraft:open_chest":12,"minecraft:crouch_one_cm":17913,"minecraft:play_time":109089,"minecraft:deaths":3,"minecraft:sneak_time":14097,"minecraft:walk_under_water_one_cm":650,"minecraft:boat_one_cm":363744,"minecraft:jump":1992,"minecraft:walk_on_water_one_cm":1472,"minecraft:total_world_time":109089,"minecraft:fall_one_cm":39765},"minecraft:dropped":{"minecraft:oak_log":1,"minecraft:rotten_flesh":4,"minecraft:raw_iron":4,"minecraft:chicken":2,"minecraft:cobblestone":20,"minecraft:oak_planks":34,"minecraft:andesite":2,"minecraft:stone_pickaxe":1,"minecraft:iron_pickaxe":1},"minecraft:killed":{"minecraft:horse":4,"minecraft:skeleton":3,"minecraft:zombie":4,"minecraft:chicken":5,"minecraft:cow":3},"minecraft:killed_by":{"minecraft:skeleton":1,"minecraft:spider":1,"minecraft:zombie":1},"minecraft:used":{"minecraft:cooked_mutton":3,"minecraft:diorite":6,"minecraft:stone_sword":45,"minecraft:stone_pickaxe":354,"minecraft:oak_planks":2,"minecraft:shield":24,"minecraft:wooden_pickaxe":35,"minecraft:cooked_chicken":3,"minecraft:rotten_flesh":3,"minecraft:torch":2,"minecraft:dirt":43,"minecraft:crafting_table":10,"minecraft:granite":4,"minecraft:oak_log":9,"minecraft:iron_pickaxe":31,"minecraft:stone_axe":18,"minecraft:cobblestone":41,"minecraft:furnace":3,"minecraft:andesite":33,"minecraft:oak_boat":1,"minecraft:cooked_beef":4,"minecraft:cobbled_deepslate":25},"minecraft:mined":{"minecraft:deepslate_redstone_ore":5,"minecraft:deepslate_diamond_ore":2,"minecraft:crafting_table":7,"minecraft:granite":17,"minecraft:short_grass":12,"minecraft:grass_block":4,"minecraft:tall_grass":1,"minecraft:copper_ore":9,"minecraft:cobblestone":17,"minecraft:deepslate_gold_ore":1,"minecraft:sugar_cane":8,"minecraft:oxeye_daisy":1,"minecraft:diorite":14,"minecraft:wall_torch":2,"minecraft:furnace":1,"minecraft:andesite":40,"minecraft:coal_ore":43,"minecraft:oak_log":30,"minecraft:deepslate_iron_ore":7,"minecraft:dirt":49,"minecraft:stone":174,"minecraft:oak_leaves":5,"minecraft:deepslate":88},"minecraft:broken":{"minecraft:stone_pickaxe":1}},"DataVersion":3953}