{"stats":{"minecraft:picked_up":{"minecraft:birch_log":16,"minecraft:crafting_table":5,"minecraft:lilac":6,"minecraft:feather":12,"minecraft:chicken":7,"minecraft:chest_minecart":1,"minecraft:andesite":36,"minecraft:leather":18,"minecraft:wooden_pickaxe":1,"minecraft:birch_planks":16,"minecraft:oak_log":20,"minecraft:shield":1,"minecraft:string":8,"minecraft:dirt":127,"minecraft:raw_copper":15,"minecraft:cooked_mutton":5,"minecraft:bone":7,"minecraft:wheat_seeds":13,"minecraft:cooked_chicken":3,"minecraft:cobbled_deepslate":86,"minecraft:raw_gold":11,"minecraft:iron_ingot":1,"minecraft:stone_pickaxe":3,"minecraft:beef":20,"minecraft:oak_boat":2,"minecraft:iron_pickaxe":4,"minecraft:sugar_cane":19,"minecraft:oak_planks":109,"minecraft:egg":7,"minecraft:raw_iron":22,"minecraft:stick":38,"minecraft:cooked_porkchop":2,"minecraft:pumpkin":1,"minecraft:oak_fence":1,"minecraft:torch":27,"minecraft:dandelion":1,"minecraft:gravel":1,"minecraft:porkchop":18,"minecraft:lily_of_the_valley":11,"minecraft:diorite":33,"minecraft:white_bed":2,"minecraft:redstone":64,"minecraft:spider_eye":3,"minecraft:pumpkin_seeds":3,"minecraft:stone_sword":3,"minecraft:arrow":13,"minecraft:rotten_flesh":8,"minecraft:diamond":13,"minecraft:stone_axe":3,"minecraft:granite":12,"minecraft:oak_sapling":1,"minecraft:mutton":14,"minecraft:coal":103,"minecraft:white_wool":14,"minecraft:cobblestone":283},"minecraft:crafted":{"minecraft:cooked_beef":20,"minecraft:oak_planks":4,"minecraft:cooked_porkchop":16,"minecraft:cooked_chicken":9,"minecraft:bucket":1,"minecraft:cooked_mutton":4,"minecraft:air":0,"minecraft:iron_chestplate":2,"minecraft:diamond_pickaxe":1,"minecraft:shield":4,"minecraft:stick":108,"minecraft:iron_ingot":14,"minecraft:stone_pickaxe":3,"minecraft:stone_sword":3,"minecraft:chest":1,"minecraft:white_bed":1,"minecraft:torch":148},"minecraft:custom":{"minecraft:interact_with_furnace":39,"minecraft:mob_kills":44,"minecraft:interact_with_crafting_table":25,"minecraft:leave_game":1,"minecraft:time_since_death":103669,"minecraft:sleep_in_bed":8,"minecraft:time_since_rest":694,"minecraft:sprint_one_cm":382463,"minecraft:damage_taken":3339,"minecraft:walk_one_cm":471456,"minecraft:damage_blocked_by_shield":262,"minecraft:drop":93,"minecraft:damage_dealt":5574,"minecraft:swim_one_cm":6145,"minecraft:fly_one_cm":466527,"minecraft:player_kills":3,"minecraft:open_chest":22,"minecraft:crouch_one_cm":6561,"minecraft:play_time":177914,"minecraft:deaths":7,"minecraft:sneak_time":4512,"minecraft:walk_under_water_one_cm":42343,"minecraft:boat_one_cm":346746,"minecraft:jump":2817,"minecraft:walk_on_water_one_cm":18849,"minecraft:total_world_time":177914,"minecraft:fall_one_cm":71232},"minecraft:dropped":{"minecraft:water_bucket":1,"minecraft:stone_axe":3,"minecraft:sugar_cane":19,"minecraft:cooked_beef":5,"minecraft:stone_sword":4,"minecraft:cobbled_deepslate":29,"minecraft:crafting_table":3,"minecraft:cooked_porkchop":11,"minecraft:leather":5,"minecraft:cooked_mutton":4,"minecraft:stick":32,"minecraft:shield":3,"minecraft:diorite":3,"minecraft:torch":24,"minecraft:iron_chestplate":1,"minecraft:andesite":11,"minecraft:pumpkin":1,"minecraft:stone_pickaxe":1,"minecraft:wooden_pickaxe":1,"minecraft:iron_pickaxe":3,"minecraft:white_wool":10,"minecraft:dandelion":1,"minecraft:egg":4},"minecraft:killed":{"minecraft:cave_spider":7,"minecraft:pig":9,"minecraft:sheep":9,"minecraft:skeleton":1,"minecraft:zombie":3,"minecraft:chicken":5,"minecraft:cow":9},"minecraft:killed_by":{"minecraft:spider":1,"minecraft:zombie":2},"minecraft:used":{"minecraft:cooked_mutton":2,"minecraft:water_bucket":2,"minecraft:diorite":31,"minecraft:stone_sword":180,"minecraft:stone_pickaxe":449,"minecraft:chest":1,"minecraft:shield":13,"minecraft:cooked_chicken":2,"minecraft:rotten_flesh":5,"minecraft:torch":87,"minecraft:dirt":83,"minecraft:mutton":3,"minecraft:crafting_table":1,"minecraft:white_bed":3,"minecraft:granite":19,"minecraft:oak_log":3,"minecraft:iron_pickaxe":99,"minecraft:cobblestone":84,"minecraft:cooked_porkchop":7,"minecraft:oak_sapling":1,"minecraft:porkchop":1,"minecraft:bucket":3,"minecraft:andesite":13,"minecraft:chest_minecart":1,"minecraft:oak_boat":1,"minecraft:egg":3,"minecraft:cooked_beef":9,"minecraft:cobbled_deepslate":15},"minecraft:mined":{"minecraft:deepslate_redstone_ore":15,"minecraft:white_bed":1,"minecraft:deepslate_diamond_ore":12,"minecraft:lily_of_the_valley":12,"minecraft:dandelion":1,"minecraft:crafting_table":1,"minecraft:granite":12,"minecraft:short_grass":98,"minecraft:grass_block":12,"minecraft:tall_grass":28,"minecraft:copper_ore":4,"minecraft:cobblestone":41,"minecraft:deepslate_gold_ore":11,"minecraft:oak_planks":1,"minecraft:diorite":32,"minecraft:furnace":1,"minecraft:birch_log":4,"minecraft:iron_ore":16,"minecraft:cobbled_deepslate":5,"minecraft:lilac":5,"minecraft:birch_leaves":1,"minecraft:andesite":26,"minecraft:pumpkin":1,"minecraft:deepslate_iron_ore":2,"minecraft:coal_ore":45,"minecraft:oak_log":17,"minecraft:gravel":2,"minecraft:dirt":124,"minecraft:cobweb":5,"minecraft:stone":252,"minecraft:oak_leaves":3,"minecraft:deepslate":44},"minecraft:broken":{"minecraft:stone_pickaxe":3}},"DataVersion":3953}