{"stats":{"minecraft:crafted":{"minecraft:cooked_chicken":2,"minecraft:cooked_mutton":4,"minecraft:air":0,"minecraft:shield":2,"minecraft:stick":12,"minecraft:iron_ingot":4,"minecraft:stone_pickaxe":3,"minecraft:stone_sword":2,"minecraft:chest":1,"minecraft:white_bed":1,"minecraft:torch":16},"minecraft:picked_up":{"minecraft:birch_log":16,"minecraft:chicken":2,"minecraft:andesite":22,"minecraft:oak_log":20,"minecraft:dirt":48,"minecraft:raw_copper":15,"minecraft:cooked_mutton":2,"minecraft:bone":1,"minecraft:wheat_seeds":5,"minecraft:cobbled_deepslate":36,"minecraft:raw_gold":5,"minecraft:beef":4,"minecraft:oak_boat":1,"minecraft:iron_pickaxe":1,"minecraft:oak_planks":72,"minecraft:raw_iron":14,"minecraft:stick":6,"minecraft:diorite":23,"minecraft:redstone":9,"minecraft:stone_sword":1,"minecraft:arrow":6,"minecraft:rotten_flesh":8,"minecraft:granite":6,"minecraft:oak_sapling":1,"minecraft:mutton":4,"minecraft:coal":36,"minecraft:white_wool":3,"minecraft:cobblestone":242},"minecraft:custom":{"minecraft:interact_with_furnace":6,"minecraft:mob_kills":10,"minecraft:interact_with_crafting_table":13,"minecraft:leave_game":1,"minecraft:time_since_death":7669,"minecraft:time_since_rest":7732,"minecraft:sprint_one_cm":142819,"minecraft:damage_taken":2218,"minecraft:walk_one_cm":171260,"minecraft:damage_blocked_by_shield":31,"minecraft:drop":8,"minecraft:damage_dealt":1868,"minecraft:swim_one_cm":2123,"minecraft:fly_one_cm":225707,"minecraft:open_chest":6,"minecraft:crouch_one_cm":1323,"minecraft:play_time":81914,"minecraft:deaths":7,"minecraft:sneak_time":1414,"minecraft:walk_under_water_one_cm":274,"minecraft:boat_one_cm":308786,"minecraft:jump":1343,"minecraft:walk_on_water_one_cm":2660,"minecraft:total_world_time":81914,"minecraft:fall_one_cm":39320},"minecraft:dropped":{"minecraft:stone_sword":2,"minecraft:cooked_mutton":4,"minecraft:shield":1,"minecraft:iron_pickaxe":1},"minecraft:killed":{"minecraft:sheep":3,"minecraft:skeleton":1,"minecraft:zombie":3,"minecraft:chicken":1,"minecraft:cow":2},"minecraft:killed_by":{"minecraft:spider":1,"minecraft:zombie":2},"minecraft:used":{"minecraft:cooked_mutton":2,"minecraft:stone_sword":18,"minecraft:stone_pickaxe":393,"minecraft:chest":1,"minecraft:shield":1,"minecraft:cooked_chicken":2,"minecraft:rotten_flesh":5,"minecraft:torch":16,"minecraft:dirt":27,"minecraft:white_bed":1,"minecraft:iron_pickaxe":11,"minecraft:cobblestone":52,"minecraft:oak_sapling":1,"minecraft:oak_boat":1},"minecraft:mined":{"minecraft:deepslate_redstone_ore":2,"minecraft:granite":6,"minecraft:short_grass":47,"minecraft:grass_block":7,"minecraft:tall_grass":6,"minecraft:copper_ore":4,"minecraft:cobblestone":36,"minecraft:deepslate_gold_ore":5,"minecraft:oak_planks":1,"minecraft:diorite":23,"minecraft:birch_log":4,"minecraft:iron_ore":10,"minecraft:cobbled_deepslate":1,"minecraft:andesite":21,"minecraft:coal_ore":36,"minecraft:oak_log":17,"minecraft:dirt":42,"minecraft:stone":222,"minecraft:oak_leaves":3,"minecraft:deepslate":25},"minecraft:broken":{"minecraft:stone_pickaxe":3}},"DataVersion":3953}