{"stats":{"minecraft:picked_up":{"minecraft:birch_log":16,"minecraft:crafting_table":1,"minecraft:feather":4,"minecraft:chicken":6,"minecraft:andesite":25,"minecraft:leather":10,"minecraft:wooden_pickaxe":1,"minecraft:oak_log":20,"minecraft:shield":1,"minecraft:dirt":117,"minecraft:raw_copper":15,"minecraft:cooked_mutton":5,"minecraft:bone":5,"minecraft:wheat_seeds":9,"minecraft:cobbled_deepslate":36,"minecraft:raw_gold":5,"minecraft:stone_pickaxe":1,"minecraft:beef":18,"minecraft:oak_boat":1,"minecraft:iron_pickaxe":2,"minecraft:sugar_cane":19,"minecraft:oak_planks":89,"minecraft:egg":1,"minecraft:raw_iron":14,"minecraft:stick":6,"minecraft:cooked_porkchop":2,"minecraft:pumpkin":1,"minecraft:dandelion":1,"minecraft:gravel":1,"minecraft:porkchop":11,"minecraft:diorite":26,"minecraft:redstone":9,"minecraft:stone_sword":2,"minecraft:arrow":8,"minecraft:rotten_flesh":8,"minecraft:stone_axe":1,"minecraft:granite":6,"minecraft:oak_sapling":1,"minecraft:mutton":12,"minecraft:coal":36,"minecraft:white_wool":13,"minecraft:cobblestone":269},"minecraft:crafted":{"minecraft:cooked_beef":20,"minecraft:oak_planks":4,"minecraft:cooked_porkchop":9,"minecraft:cooked_chicken":2,"minecraft:bucket":1,"minecraft:cooked_mutton":4,"minecraft:air":0,"minecraft:shield":3,"minecraft:stick":32,"minecraft:iron_ingot":4,"minecraft:stone_pickaxe":3,"minecraft:stone_sword":3,"minecraft:chest":1,"minecraft:white_bed":1,"minecraft:torch":44},"minecraft:custom":{"minecraft:interact_with_furnace":21,"minecraft:mob_kills":30,"minecraft:interact_with_crafting_table":16,"minecraft:leave_game":1,"minecraft:time_since_death":43669,"minecraft:sleep_in_bed":4,"minecraft:time_since_rest":4794,"minecraft:sprint_one_cm":202167,"minecraft:damage_taken":2927,"minecraft:walk_one_cm":246717,"minecraft:damage_blocked_by_shield":52,"minecraft:drop":50,"minecraft:damage_dealt":3984,"minecraft:swim_one_cm":2123,"minecraft:fly_one_cm":307495,"minecraft:player_kills":1,"minecraft:open_chest":20,"minecraft:crouch_one_cm":4687,"minecraft:play_time":117914,"minecraft:deaths":7,"minecraft:sneak_time":3976,"minecraft:walk_under_water_one_cm":15486,"minecraft:boat_one_cm":308786,"minecraft:jump":1961,"minecraft:walk_on_water_one_cm":8704,"minecraft:total_world_time":117914,"minecraft:fall_one_cm":52996},"minecraft:dropped":{"minecraft:water_bucket":1,"minecraft:stone_axe":1,"minecraft:sugar_cane":19,"minecraft:stone_sword":3,"minecraft:cobbled_deepslate":3,"minecraft:crafting_table":1,"minecraft:cooked_porkchop":8,"minecraft:leather":5,"minecraft:cooked_mutton":4,"minecraft:shield":2,"minecraft:diorite":3,"minecraft:andesite":10,"minecraft:pumpkin":1,"minecraft:wooden_pickaxe":1,"minecraft:iron_pickaxe":2,"minecraft:white_wool":10,"minecraft:dandelion":1,"minecraft:egg":1},"minecraft:killed":{"minecraft:pig":5,"minecraft:sheep":8,"minecraft:skeleton":1,"minecraft:zombie":3,"minecraft:chicken":4,"minecraft:cow":8},"minecraft:killed_by":{"minecraft:spider":1,"minecraft:zombie":2},"minecraft:used":{"minecraft:cooked_mutton":2,"minecraft:water_bucket":2,"minecraft:diorite":31,"minecraft:stone_sword":92,"minecraft:stone_pickaxe":414,"minecraft:chest":1,"minecraft:shield":2,"minecraft:cooked_chicken":2,"minecraft:rotten_flesh":5,"minecraft:torch":16,"minecraft:dirt":83,"minecraft:mutton":3,"minecraft:white_bed":1,"minecraft:granite":13,"minecraft:oak_log":3,"minecraft:iron_pickaxe":11,"minecraft:cobblestone":75,"minecraft:cooked_porkchop":2,"minecraft:oak_sapling":1,"minecraft:porkchop":1,"minecraft:bucket":3,"minecraft:andesite":2,"minecraft:oak_boat":1,"minecraft:cooked_beef":6},"minecraft:mined":{"minecraft:deepslate_redstone_ore":2,"minecraft:dandelion":1,"minecraft:granite":6,"minecraft:short_grass":66,"minecraft:grass_block":10,"minecraft:tall_grass":12,"minecraft:copper_ore":4,"minecraft:cobblestone":37,"minecraft:deepslate_gold_ore":5,"minecraft:oak_planks":1,"minecraft:diorite":23,"minecraft:birch_log":4,"minecraft:iron_ore":10,"minecraft:cobbled_deepslate":1,"minecraft:andesite":22,"minecraft:pumpkin":1,"minecraft:coal_ore":36,"minecraft:oak_log":17,"minecraft:gravel":2,"minecraft:dirt":115,"minecraft:stone":239,"minecraft:oak_leaves":3,"minecraft:deepslate":25},"minecraft:broken":{"minecraft:stone_pickaxe":3}},"DataVersion":3953}