{"stats":{"minecraft:crafted":{"minecraft:cooked_chicken":2,"minecraft:cooked_mutton":4,"minecraft:air":0,"minecraft:stick":12,"minecraft:stone_pickaxe":3,"minecraft:stone_sword":2,"minecraft:chest":1,"minecraft:white_bed":1,"minecraft:torch":16},"minecraft:picked_up":{"minecraft:birch_log":16,"minecraft:chicken":2,"minecraft:andesite":21,"minecraft:oak_log":16,"minecraft:dirt":17,"minecraft:raw_copper":15,"minecraft:cooked_mutton":2,"minecraft:wheat_seeds":3,"minecraft:cobbled_deepslate":36,"minecraft:raw_gold":5,"minecraft:oak_boat":1,"minecraft:iron_pickaxe":1,"minecraft:oak_planks":55,"minecraft:raw_iron":10,"minecraft:stick":6,"minecraft:diorite":23,"minecraft:redstone":9,"minecraft:arrow":3,"minecraft:rotten_flesh":4,"minecraft:granite":6,"minecraft:oak_sapling":1,"minecraft:mutton":4,"minecraft:coal":36,"minecraft:white_wool":3,"minecraft:cobblestone":242},"minecraft:custom":{"minecraft:interact_with_furnace":3,"minecraft:mob_kills":7,"minecraft:interact_with_crafting_table":8,"minecraft:leave_game":1,"minecraft:time_since_death":33536,"minecraft:time_since_rest":33576,"minecraft:sprint_one_cm":86329,"minecraft:damage_taken":893,"minecraft:walk_one_cm":109611,"minecraft:drop":5,"minecraft:damage_dealt":1184,"minecraft:swim_one_cm":2123,"minecraft:fly_one_cm":102732,"minecraft:open_chest":2,"minecraft:crouch_one_cm":8,"minecraft:play_time":57914,"minecraft:deaths":3,"minecraft:sneak_time":111,"minecraft:walk_under_water_one_cm":274,"minecraft:boat_one_cm":308786,"minecraft:jump":791,"minecraft:walk_on_water_one_cm":2660,"minecraft:total_world_time":57914,"minecraft:fall_one_cm":11436},"minecraft:dropped":{"minecraft:cooked_mutton":4,"minecraft:iron_pickaxe":1},"minecraft:killed":{"minecraft:sheep":3,"minecraft:skeleton":1,"minecraft:zombie":2,"minecraft:chicken":1},"minecraft:killed_by":{"minecraft:spider":1,"minecraft:zombie":1},"minecraft:used":{"minecraft:cooked_mutton":2,"minecraft:stone_sword":4,"minecraft:stone_pickaxe":393,"minecraft:chest":1,"minecraft:torch":16,"minecraft:dirt":9,"minecraft:white_bed":1,"minecraft:iron_pickaxe":11,"minecraft:cobblestone":47,"minecraft:oak_sapling":1,"minecraft:oak_boat":1},"minecraft:mined":{"minecraft:deepslate_redstone_ore":2,"minecraft:granite":6,"minecraft:short_grass":20,"minecraft:grass_block":1,"minecraft:copper_ore":4,"minecraft:cobblestone":36,"minecraft:deepslate_gold_ore":5,"minecraft:oak_planks":1,"minecraft:diorite":23,"minecraft:birch_log":4,"minecraft:iron_ore":10,"minecraft:cobbled_deepslate":1,"minecraft:andesite":21,"minecraft:coal_ore":36,"minecraft:oak_log":12,"minecraft:dirt":18,"minecraft:stone":222,"minecraft:oak_leaves":2,"minecraft:deepslate":25},"minecraft:broken":{"minecraft:stone_pickaxe":3}},"DataVersion":3953}