{"stats":{"minecraft:crafted":{"minecraft:oak_planks":4,"minecraft:cooked_chicken":9,"minecraft:cooked_mutton":4,"minecraft:stone_pickaxe":3,"minecraft:chest":1,"minecraft:cooked_beef":20,"minecraft:cooked_porkchop":22,"minecraft:iron_sword":1,"minecraft:bucket":1,"minecraft:air":0,"minecraft:iron_chestplate":2,"minecraft:diamond_pickaxe":1,"minecraft:shield":4,"minecraft:stick":108,"minecraft:iron_ingot":15,"minecraft:stone_sword":3,"minecraft:white_bed":1,"minecraft:torch":148},"minecraft:picked_up":{"minecraft:iron_chestplate":4,"minecraft:crafting_table":6,"minecraft:chicken":7,"minecraft:chest_minecart":1,"minecraft:wooden_pickaxe":1,"minecraft:shield":5,"minecraft:cornflower":1,"minecraft:string":32,"minecraft:raw_copper":15,"minecraft:smooth_stone":4,"minecraft:cobbled_deepslate":94,"minecraft:beef":32,"minecraft:oak_boat":4,"minecraft:poppy":6,"minecraft:iron_pickaxe":5,"minecraft:sugar_cane":19,"minecraft:birch_sapling":1,"minecraft:egg":9,"minecraft:stick":297,"minecraft:raw_iron":28,"minecraft:oak_fence":7,"minecraft:torch":158,"minecraft:porkchop":18,"minecraft:diorite":57,"minecraft:redstone":64,"minecraft:stone_shovel":1,"minecraft:arrow":34,"minecraft:stone_sword":4,"minecraft:rotten_flesh":20,"minecraft:mutton":22,"minecraft:white_wool":18,"minecraft:cobblestone":315,"minecraft:birch_log":16,"minecraft:feather":60,"minecraft:lilac":24,"minecraft:salmon":9,"minecraft:andesite":36,"minecraft:leather":70,"minecraft:birch_planks":30,"minecraft:oak_log":20,"minecraft:dirt":202,"minecraft:cooked_mutton":12,"minecraft:bone":31,"minecraft:wheat_seeds":27,"minecraft:bell":2,"minecraft:raw_gold":11,"minecraft:iron_ingot":10,"minecraft:stone_pickaxe":8,"minecraft:cooked_chicken":17,"minecraft:stripped_oak_wood":1,"minecraft:iron_sword":2,"minecraft:oak_planks":109,"minecraft:cooked_porkchop":8,"minecraft:pumpkin":1,"minecraft:dandelion":6,"minecraft:gravel":5,"minecraft:ink_sac":6,"minecraft:white_bed":2,"minecraft:lily_of_the_valley":45,"minecraft:spider_eye":6,"minecraft:pumpkin_seeds":12,"minecraft:diamond":13,"minecraft:stone_axe":3,"minecraft:granite":12,"minecraft:oak_sapling":2,"minecraft:coal":145},"minecraft:custom":{"minecraft:mob_kills":50,"minecraft:interact_with_crafting_table":26,"minecraft:leave_game":2,"minecraft:time_since_death":7762,"minecraft:climb_one_cm":1273,"minecraft:sprint_one_cm":509346,"minecraft:walk_one_cm":587267,"minecraft:damage_blocked_by_shield":420,"minecraft:drop":105,"minecraft:talked_to_villager":9,"minecraft:play_time":225532,"minecraft:deaths":11,"minecraft:sneak_time":6564,"minecraft:walk_under_water_one_cm":77518,"minecraft:boat_one_cm":346746,"minecraft:jump":3983,"minecraft:walk_on_water_one_cm":45551,"minecraft:total_world_time":225532,"minecraft:interact_with_furnace":45,"minecraft:sleep_in_bed":13,"minecraft:time_since_rest":6311,"minecraft:damage_taken":5339,"minecraft:damage_dealt":7715,"minecraft:swim_one_cm":56379,"minecraft:fly_one_cm":738188,"minecraft:player_kills":5,"minecraft:open_chest":32,"minecraft:crouch_one_cm":10564,"minecraft:fall_one_cm":99604},"minecraft:dropped":{"minecraft:water_bucket":1,"minecraft:cooked_beef":7,"minecraft:crafting_table":3,"minecraft:cooked_porkchop":11,"minecraft:leather":5,"minecraft:stick":32,"minecraft:diorite":3,"minecraft:torch":24,"minecraft:pumpkin":1,"minecraft:iron_pickaxe":3,"minecraft:smooth_stone":1,"minecraft:white_wool":10,"minecraft:dandelion":1,"minecraft:stone_axe":3,"minecraft:sugar_cane":19,"minecraft:cooked_chicken":6,"minecraft:stone_sword":4,"minecraft:cobbled_deepslate":29,"minecraft:cooked_mutton":4,"minecraft:salmon":3,"minecraft:shield":3,"minecraft:iron_chestplate":1,"minecraft:andesite":11,"minecraft:stone_pickaxe":1,"minecraft:wooden_pickaxe":1,"minecraft:egg":4},"minecraft:killed":{"minecraft:cave_spider":7,"minecraft:skeleton":1,"minecraft:chicken":5,"minecraft:drowned":1,"minecraft:pig":9,"minecraft:salmon":4,"minecraft:iron_golem":1,"minecraft:sheep":9,"minecraft:zombie":3,"minecraft:cow":9},"minecraft:killed_by":{"minecraft:player":2,"minecraft:spider":1,"minecraft:zombie":2},"minecraft:used":{"minecraft:stone_sword":185,"minecraft:chest":1,"minecraft:shield":16,"minecraft:iron_sword":42,"minecraft:cooked_chicken":6,"minecraft:rotten_flesh":5,"minecraft:torch":87,"minecraft:dirt":83,"minecraft:mutton":3,"minecraft:granite":19,"minecraft:birch_sapling":1,"minecraft:beef":1,"minecraft:oak_sapling":1,"minecraft:egg":4,"minecraft:cooked_beef":12,"minecraft:cobbled_deepslate":22,"minecraft:cooked_mutton":3,"minecraft:water_bucket":2,"minecraft:diorite":41,"minecraft:stone_pickaxe":453,"minecraft:crafting_table":1,"minecraft:white_bed":3,"minecraft:oak_log":3,"minecraft:iron_pickaxe":99,"minecraft:cobblestone":84,"minecraft:porkchop":1,"minecraft:cooked_porkchop":13,"minecraft:andesite":13,"minecraft:bucket":3,"minecraft:oak_boat":1,"minecraft:chest_minecart":1},"minecraft:mined":{"minecraft:white_bed":1,"minecraft:deepslate_diamond_ore":12,"minecraft:granite":12,"minecraft:grass_block":12,"minecraft:smooth_stone":1,"minecraft:furnace":1,"minecraft:cobbled_deepslate":5,"minecraft:iron_ore":16,"minecraft:andesite":26,"minecraft:pumpkin":1,"minecraft:deepslate_iron_ore":2,"minecraft:stone":252,"minecraft:deepslate_redstone_ore":15,"minecraft:lily_of_the_valley":12,"minecraft:dandelion":1,"minecraft:crafting_table":1,"minecraft:short_grass":99,"minecraft:cobblestone":41,"minecraft:copper_ore":4,"minecraft:tall_grass":28,"minecraft:deepslate_gold_ore":11,"minecraft:oak_planks":1,"minecraft:diorite":35,"minecraft:birch_log":4,"minecraft:lilac":5,"minecraft:birch_leaves":2,"minecraft:oak_log":17,"minecraft:coal_ore":45,"minecraft:dirt":124,"minecraft:gravel":2,"minecraft:cobweb":5,"minecraft:oak_leaves":5,"minecraft:deepslate":44},"minecraft:broken":{"minecraft:stone_pickaxe":3}},"DataVersion":3953}