{"stats":{"minecraft:picked_up":{"minecraft:birch_log":16,"minecraft:crafting_table":1,"minecraft:feather":4,"minecraft:chicken":6,"minecraft:andesite":26,"minecraft:leather":10,"minecraft:wooden_pickaxe":1,"minecraft:oak_log":20,"minecraft:shield":1,"minecraft:string":4,"minecraft:dirt":121,"minecraft:raw_copper":15,"minecraft:cooked_mutton":5,"minecraft:bone":5,"minecraft:wheat_seeds":9,"minecraft:cobbled_deepslate":44,"minecraft:raw_gold":5,"minecraft:stone_pickaxe":1,"minecraft:beef":18,"minecraft:oak_boat":1,"minecraft:iron_pickaxe":3,"minecraft:sugar_cane":19,"minecraft:oak_planks":89,"minecraft:egg":1,"minecraft:raw_iron":14,"minecraft:stick":6,"minecraft:cooked_porkchop":2,"minecraft:pumpkin":1,"minecraft:dandelion":1,"minecraft:gravel":1,"minecraft:porkchop":11,"minecraft:diorite":33,"minecraft:redstone":9,"minecraft:stone_sword":2,"minecraft:arrow":8,"minecraft:rotten_flesh":8,"minecraft:diamond":3,"minecraft:stone_axe":1,"minecraft:granite":12,"minecraft:oak_sapling":1,"minecraft:mutton":12,"minecraft:coal":36,"minecraft:white_wool":13,"minecraft:cobblestone":274},"minecraft:crafted":{"minecraft:cooked_beef":20,"minecraft:oak_planks":4,"minecraft:cooked_porkchop":9,"minecraft:cooked_chicken":2,"minecraft:bucket":1,"minecraft:cooked_mutton":4,"minecraft:air":0,"minecraft:shield":3,"minecraft:stick":32,"minecraft:iron_ingot":4,"minecraft:stone_pickaxe":3,"minecraft:stone_sword":3,"minecraft:chest":1,"minecraft:white_bed":1,"minecraft:torch":68},"minecraft:custom":{"minecraft:interact_with_furnace":21,"minecraft:mob_kills":32,"minecraft:interact_with_crafting_table":16,"minecraft:leave_game":1,"minecraft:time_since_death":55669,"minecraft:sleep_in_bed":4,"minecraft:time_since_rest":16794,"minecraft:sprint_one_cm":226960,"minecraft:damage_taken":2927,"minecraft:walk_one_cm":319374,"minecraft:damage_blocked_by_shield":52,"minecraft:drop":56,"minecraft:damage_dealt":4091,"minecraft:swim_one_cm":2123,"minecraft:fly_one_cm":309599,"minecraft:player_kills":1,"minecraft:open_chest":22,"minecraft:crouch_one_cm":6561,"minecraft:play_time":129914,"minecraft:deaths":7,"minecraft:sneak_time":4454,"minecraft:walk_under_water_one_cm":23154,"minecraft:boat_one_cm":308786,"minecraft:jump":2012,"minecraft:walk_on_water_one_cm":9456,"minecraft:total_world_time":129914,"minecraft:fall_one_cm":54186},"minecraft:dropped":{"minecraft:water_bucket":1,"minecraft:stone_axe":1,"minecraft:sugar_cane":19,"minecraft:stone_sword":3,"minecraft:cobbled_deepslate":3,"minecraft:crafting_table":1,"minecraft:cooked_porkchop":8,"minecraft:leather":5,"minecraft:cooked_mutton":4,"minecraft:shield":2,"minecraft:diorite":3,"minecraft:torch":5,"minecraft:andesite":10,"minecraft:pumpkin":1,"minecraft:wooden_pickaxe":1,"minecraft:iron_pickaxe":3,"minecraft:white_wool":10,"minecraft:dandelion":1,"minecraft:egg":1},"minecraft:killed":{"minecraft:cave_spider":2,"minecraft:pig":5,"minecraft:sheep":8,"minecraft:skeleton":1,"minecraft:zombie":3,"minecraft:chicken":4,"minecraft:cow":8},"minecraft:killed_by":{"minecraft:spider":1,"minecraft:zombie":2},"minecraft:used":{"minecraft:cooked_mutton":2,"minecraft:water_bucket":2,"minecraft:diorite":31,"minecraft:stone_sword":96,"minecraft:stone_pickaxe":447,"minecraft:chest":1,"minecraft:shield":2,"minecraft:cooked_chicken":2,"minecraft:rotten_flesh":5,"minecraft:torch":47,"minecraft:dirt":83,"minecraft:mutton":3,"minecraft:white_bed":1,"minecraft:granite":18,"minecraft:oak_log":3,"minecraft:iron_pickaxe":16,"minecraft:cobblestone":75,"minecraft:cooked_porkchop":2,"minecraft:oak_sapling":1,"minecraft:porkchop":1,"minecraft:bucket":3,"minecraft:andesite":2,"minecraft:oak_boat":1,"minecraft:cooked_beef":6},"minecraft:mined":{"minecraft:deepslate_redstone_ore":2,"minecraft:deepslate_diamond_ore":3,"minecraft:dandelion":1,"minecraft:granite":12,"minecraft:short_grass":66,"minecraft:grass_block":10,"minecraft:tall_grass":12,"minecraft:copper_ore":4,"minecraft:cobblestone":41,"minecraft:deepslate_gold_ore":5,"minecraft:oak_planks":1,"minecraft:diorite":32,"minecraft:furnace":1,"minecraft:birch_log":4,"minecraft:iron_ore":10,"minecraft:cobbled_deepslate":5,"minecraft:andesite":24,"minecraft:pumpkin":1,"minecraft:coal_ore":36,"minecraft:oak_log":17,"minecraft:gravel":2,"minecraft:dirt":120,"minecraft:stone":241,"minecraft:oak_leaves":3,"minecraft:deepslate":31},"minecraft:broken":{"minecraft:stone_pickaxe":3}},"DataVersion":3953}