{"stats":{"minecraft:picked_up":{"minecraft:birch_log":16,"minecraft:crafting_table":4,"minecraft:feather":12,"minecraft:chicken":7,"minecraft:chest_minecart":1,"minecraft:andesite":36,"minecraft:leather":18,"minecraft:wooden_pickaxe":1,"minecraft:birch_planks":16,"minecraft:oak_log":20,"minecraft:shield":1,"minecraft:string":8,"minecraft:dirt":122,"minecraft:raw_copper":15,"minecraft:cooked_mutton":5,"minecraft:bone":7,"minecraft:wheat_seeds":13,"minecraft:cooked_chicken":3,"minecraft:cobbled_deepslate":86,"minecraft:raw_gold":11,"minecraft:iron_ingot":1,"minecraft:stone_pickaxe":3,"minecraft:beef":20,"minecraft:oak_boat":1,"minecraft:iron_pickaxe":4,"minecraft:sugar_cane":19,"minecraft:oak_planks":109,"minecraft:egg":4,"minecraft:raw_iron":16,"minecraft:stick":38,"minecraft:cooked_porkchop":2,"minecraft:pumpkin":1,"minecraft:oak_fence":1,"minecraft:torch":27,"minecraft:dandelion":1,"minecraft:gravel":1,"minecraft:porkchop":18,"minecraft:diorite":33,"minecraft:white_bed":1,"minecraft:redstone":64,"minecraft:spider_eye":3,"minecraft:pumpkin_seeds":3,"minecraft:stone_sword":3,"minecraft:arrow":13,"minecraft:rotten_flesh":8,"minecraft:diamond":13,"minecraft:stone_axe":3,"minecraft:granite":12,"minecraft:oak_sapling":1,"minecraft:mutton":12,"minecraft:coal":94,"minecraft:white_wool":13,"minecraft:cobblestone":275},"minecraft:crafted":{"minecraft:cooked_beef":20,"minecraft:oak_planks":4,"minecraft:cooked_porkchop":16,"minecraft:cooked_chicken":9,"minecraft:bucket":1,"minecraft:cooked_mutton":4,"minecraft:air":0,"minecraft:iron_chestplate":2,"minecraft:diamond_pickaxe":1,"minecraft:shield":4,"minecraft:stick":108,"minecraft:iron_ingot":14,"minecraft:stone_pickaxe":3,"minecraft:stone_sword":3,"minecraft:chest":1,"minecraft:white_bed":1,"minecraft:torch":148},"minecraft:custom":{"minecraft:interact_with_furnace":39,"minecraft:mob_kills":43,"minecraft:interact_with_crafting_table":25,"minecraft:leave_game":1,"minecraft:time_since_death":91669,"minecraft:sleep_in_bed":7,"minecraft:time_since_rest":2107,"minecraft:sprint_one_cm":334342,"minecraft:damage_taken":3238,"minecraft:walk_one_cm":445107,"minecraft:damage_blocked_by_shield":262,"minecraft:drop":86,"minecraft:damage_dealt":5486,"minecraft:swim_one_cm":2217,"minecraft:fly_one_cm":397658,"minecraft:player_kills":3,"minecraft:open_chest":22,"minecraft:crouch_one_cm":6561,"minecraft:play_time":165914,"minecraft:deaths":7,"minecraft:sneak_time":4472,"minecraft:walk_under_water_one_cm":41461,"minecraft:boat_one_cm":308786,"minecraft:jump":2481,"minecraft:walk_on_water_one_cm":18336,"minecraft:total_world_time":165914,"minecraft:fall_one_cm":63615},"minecraft:dropped":{"minecraft:water_bucket":1,"minecraft:stone_axe":3,"minecraft:sugar_cane":19,"minecraft:cooked_beef":5,"minecraft:stone_sword":4,"minecraft:cobbled_deepslate":28,"minecraft:crafting_table":2,"minecraft:cooked_porkchop":8,"minecraft:leather":5,"minecraft:cooked_mutton":4,"minecraft:stick":32,"minecraft:shield":3,"minecraft:diorite":3,"minecraft:torch":24,"minecraft:iron_chestplate":1,"minecraft:andesite":10,"minecraft:pumpkin":1,"minecraft:stone_pickaxe":1,"minecraft:wooden_pickaxe":1,"minecraft:iron_pickaxe":3,"minecraft:white_wool":10,"minecraft:dandelion":1,"minecraft:egg":1},"minecraft:killed":{"minecraft:cave_spider":7,"minecraft:pig":9,"minecraft:sheep":8,"minecraft:skeleton":1,"minecraft:zombie":3,"minecraft:chicken":5,"minecraft:cow":9},"minecraft:killed_by":{"minecraft:spider":1,"minecraft:zombie":2},"minecraft:used":{"minecraft:cooked_mutton":2,"minecraft:water_bucket":2,"minecraft:diorite":31,"minecraft:stone_sword":174,"minecraft:stone_pickaxe":447,"minecraft:chest":1,"minecraft:shield":13,"minecraft:cooked_chicken":2,"minecraft:rotten_flesh":5,"minecraft:torch":87,"minecraft:dirt":83,"minecraft:mutton":3,"minecraft:white_bed":2,"minecraft:granite":19,"minecraft:oak_log":3,"minecraft:iron_pickaxe":65,"minecraft:cobblestone":84,"minecraft:cooked_porkchop":5,"minecraft:oak_sapling":1,"minecraft:porkchop":1,"minecraft:bucket":3,"minecraft:andesite":13,"minecraft:chest_minecart":1,"minecraft:oak_boat":1,"minecraft:cooked_beef":9},"minecraft:mined":{"minecraft:deepslate_redstone_ore":15,"minecraft:white_bed":1,"minecraft:deepslate_diamond_ore":12,"minecraft:dandelion":1,"minecraft:granite":12,"minecraft:short_grass":95,"minecraft:grass_block":10,"minecraft:tall_grass":26,"minecraft:copper_ore":4,"minecraft:cobblestone":41,"minecraft:deepslate_gold_ore":11,"minecraft:oak_planks":1,"minecraft:diorite":32,"minecraft:furnace":1,"minecraft:birch_log":4,"minecraft:iron_ore":10,"minecraft:cobbled_deepslate":5,"minecraft:andesite":26,"minecraft:pumpkin":1,"minecraft:deepslate_iron_ore":2,"minecraft:coal_ore":36,"minecraft:oak_log":17,"minecraft:gravel":2,"minecraft:dirt":121,"minecraft:cobweb":5,"minecraft:stone":244,"minecraft:oak_leaves":3,"minecraft:deepslate":44},"minecraft:broken":{"minecraft:stone_pickaxe":3}},"DataVersion":3953}