{"stats":{"minecraft:picked_up":{"minecraft:birch_log":16,"minecraft:crafting_table":1,"minecraft:feather":4,"minecraft:chicken":6,"minecraft:chest_minecart":1,"minecraft:andesite":34,"minecraft:leather":10,"minecraft:wooden_pickaxe":1,"minecraft:birch_planks":16,"minecraft:oak_log":20,"minecraft:shield":1,"minecraft:string":8,"minecraft:dirt":121,"minecraft:raw_copper":15,"minecraft:cooked_mutton":5,"minecraft:bone":5,"minecraft:wheat_seeds":9,"minecraft:cobbled_deepslate":61,"minecraft:raw_gold":11,"minecraft:stone_pickaxe":1,"minecraft:beef":18,"minecraft:oak_boat":1,"minecraft:iron_pickaxe":4,"minecraft:sugar_cane":19,"minecraft:oak_planks":109,"minecraft:egg":1,"minecraft:raw_iron":16,"minecraft:stick":6,"minecraft:cooked_porkchop":2,"minecraft:pumpkin":1,"minecraft:oak_fence":1,"minecraft:torch":16,"minecraft:dandelion":1,"minecraft:gravel":1,"minecraft:porkchop":11,"minecraft:diorite":33,"minecraft:redstone":64,"minecraft:spider_eye":1,"minecraft:stone_sword":2,"minecraft:arrow":8,"minecraft:rotten_flesh":8,"minecraft:diamond":12,"minecraft:stone_axe":1,"minecraft:granite":12,"minecraft:oak_sapling":1,"minecraft:mutton":12,"minecraft:coal":94,"minecraft:white_wool":13,"minecraft:cobblestone":274},"minecraft:crafted":{"minecraft:cooked_beef":20,"minecraft:oak_planks":4,"minecraft:cooked_porkchop":9,"minecraft:cooked_chicken":2,"minecraft:bucket":1,"minecraft:cooked_mutton":4,"minecraft:air":0,"minecraft:shield":3,"minecraft:stick":108,"minecraft:iron_ingot":4,"minecraft:stone_pickaxe":3,"minecraft:stone_sword":3,"minecraft:chest":1,"minecraft:white_bed":1,"minecraft:torch":148},"minecraft:custom":{"minecraft:interact_with_furnace":21,"minecraft:mob_kills":37,"minecraft:interact_with_crafting_table":20,"minecraft:leave_game":1,"minecraft:time_since_death":67669,"minecraft:sleep_in_bed":4,"minecraft:time_since_rest":28794,"minecraft:sprint_one_cm":266279,"minecraft:damage_taken":3116,"minecraft:walk_one_cm":382648,"minecraft:damage_blocked_by_shield":262,"minecraft:drop":76,"minecraft:damage_dealt":4515,"minecraft:swim_one_cm":2123,"minecraft:fly_one_cm":311211,"minecraft:player_kills":1,"minecraft:open_chest":22,"minecraft:crouch_one_cm":6561,"minecraft:play_time":141914,"minecraft:deaths":7,"minecraft:sneak_time":4454,"minecraft:walk_under_water_one_cm":23154,"minecraft:boat_one_cm":308786,"minecraft:jump":2055,"minecraft:walk_on_water_one_cm":12266,"minecraft:total_world_time":141914,"minecraft:fall_one_cm":54186},"minecraft:dropped":{"minecraft:water_bucket":1,"minecraft:stone_axe":1,"minecraft:sugar_cane":19,"minecraft:cooked_beef":5,"minecraft:stone_sword":3,"minecraft:cobbled_deepslate":3,"minecraft:crafting_table":1,"minecraft:cooked_porkchop":8,"minecraft:leather":5,"minecraft:cooked_mutton":4,"minecraft:shield":2,"minecraft:diorite":3,"minecraft:torch":20,"minecraft:andesite":10,"minecraft:pumpkin":1,"minecraft:wooden_pickaxe":1,"minecraft:iron_pickaxe":3,"minecraft:white_wool":10,"minecraft:dandelion":1,"minecraft:egg":1},"minecraft:killed":{"minecraft:cave_spider":7,"minecraft:pig":5,"minecraft:sheep":8,"minecraft:skeleton":1,"minecraft:zombie":3,"minecraft:chicken":4,"minecraft:cow":8},"minecraft:killed_by":{"minecraft:spider":1,"minecraft:zombie":2},"minecraft:used":{"minecraft:cooked_mutton":2,"minecraft:water_bucket":2,"minecraft:diorite":31,"minecraft:stone_sword":114,"minecraft:stone_pickaxe":447,"minecraft:chest":1,"minecraft:shield":13,"minecraft:cooked_chicken":2,"minecraft:rotten_flesh":5,"minecraft:torch":64,"minecraft:dirt":83,"minecraft:mutton":3,"minecraft:white_bed":1,"minecraft:granite":19,"minecraft:oak_log":3,"minecraft:iron_pickaxe":59,"minecraft:cobblestone":75,"minecraft:cooked_porkchop":3,"minecraft:oak_sapling":1,"minecraft:porkchop":1,"minecraft:bucket":3,"minecraft:andesite":2,"minecraft:oak_boat":1,"minecraft:cooked_beef":8},"minecraft:mined":{"minecraft:deepslate_redstone_ore":15,"minecraft:deepslate_diamond_ore":12,"minecraft:dandelion":1,"minecraft:granite":12,"minecraft:short_grass":66,"minecraft:grass_block":10,"minecraft:tall_grass":12,"minecraft:copper_ore":4,"minecraft:cobblestone":41,"minecraft:deepslate_gold_ore":11,"minecraft:oak_planks":1,"minecraft:diorite":32,"minecraft:furnace":1,"minecraft:birch_log":4,"minecraft:iron_ore":10,"minecraft:cobbled_deepslate":5,"minecraft:andesite":24,"minecraft:pumpkin":1,"minecraft:deepslate_iron_ore":2,"minecraft:coal_ore":36,"minecraft:oak_log":17,"minecraft:gravel":2,"minecraft:dirt":120,"minecraft:cobweb":5,"minecraft:stone":241,"minecraft:oak_leaves":3,"minecraft:deepslate":44},"minecraft:broken":{"minecraft:stone_pickaxe":3}},"DataVersion":3953}